workload,width,height,sample_limit,max_colors,sample_width,sample_height,opaque_samples,candidates,warmups,measurements,capture_ms_median,capture_ms_p95,quantize_ms_median,quantize_ms_p95,score_ms_median,score_ms_p95,background_ms_median,background_ms_p95,capture_managed_bytes_median,capture_managed_bytes_p95,quantize_managed_bytes_median,quantize_managed_bytes_p95,score_managed_bytes_median,score_managed_bytes_p95,total_stage_managed_bytes_median,total_stage_managed_bytes_p95,process_working_set_before_bytes,process_working_set_snapshot_max_bytes,process_reported_peak_working_set_bytes,glibc_malloc_baseline_bytes,glibc_malloc_sampled_peak_bytes,glibc_malloc_sampled_peak_delta_bytes
photo,4096,4096,4096,64,64,64,4096,4,3,20,10.918,13.437,7.832,11.256,0.284,0.405,8.177,11.497,33352.000,33352.000,1679680.000,1679680.000,370600.000,370600.000,2083632.000,2083632.000,190558208,214175744,214175744,107914160,108505488,591328
photo,4096,4096,4096,128,64,64,4096,4,3,20,10.176,11.337,12.585,21.970,0.492,1.217,13.110,22.477,33352.000,33352.000,2241816.000,2243320.000,708064.000,708064.000,2983232.000,2984736.000,218226688,226586624,226586624,108413808,108507168,93360
photo,4096,4096,4096,256,64,64,4096,4,3,20,11.354,13.676,42.887,51.451,1.050,10.831,43.891,62.282,33352.000,33352.000,4454616.000,4454632.000,1440184.000,1440184.000,5928152.000,5928168.000,209629184,222650368,226152448,108564176,108713664,149488
photo,4096,4096,16384,64,128,128,16384,4,3,20,12.318,14.563,11.578,13.937,0.181,0.327,11.748,14.108,131656.000,131656.000,2334656.000,2334656.000,388720.000,388720.000,2855032.000,2855032.000,213536768,227803136,227803136,108690288,108870320,180032
photo,4096,4096,16384,128,128,128,16384,4,3,20,13.574,18.117,20.755,23.124,0.235,0.904,21.275,23.357,131656.000,131656.000,2902768.000,2902768.000,621304.000,621304.000,3655728.000,3655728.000,221126656,226766848,226766848,103837856,104080416,242560
photo,4096,4096,16384,256,128,128,16384,4,3,20,14.288,16.519,58.504,63.290,0.832,1.220,59.329,63.725,131656.000,131656.000,5121784.000,5121784.000,1259824.000,1259824.000,6513264.000,6513264.000,226193408,236093440,236093440,104005024,104087984,82960
photo,4096,4096,65536,64,256,256,65536,4,3,20,25.318,27.170,30.534,34.259,0.135,0.297,30.664,34.384,524872.000,524872.000,6200376.000,6206032.000,350200.000,350200.000,7075448.000,7081104.000,216621056,218382336,235839488,102230128,102508608,278480
photo,4096,4096,65536,128,256,256,65536,4,3,20,25.605,27.341,51.510,54.812,0.212,0.579,51.710,54.992,524872.000,524872.000,6768560.000,6773680.000,615784.000,615784.000,7909216.000,7914336.000,206360576,215560192,235839488,97315200,97595344,280144
photo,4096,4096,65536,256,256,256,65536,4,3,20,25.892,28.300,110.833,114.736,0.807,0.994,111.486,115.453,524872.000,524872.000,8987576.000,8988976.000,1234744.000,1234744.000,10747192.000,10748592.000,208588800,216031232,235839488,97657584,98325072,667488
transparent-png,3840,2160,4096,64,85,48,184,4,3,20,4.800,5.894,1.578,2.329,0.149,0.725,1.842,3.034,33984.000,33984.000,1131056.000,1131056.000,479200.000,479200.000,1644240.000,1644240.000,255016960,262594560,284389376,54611328,54650752,39424
transparent-png,3840,2160,4096,128,85,48,184,4,3,20,4.700,5.393,4.256,6.204,0.259,0.642,4.832,6.442,33984.000,33984.000,1696816.000,1696816.000,946384.000,946384.000,2677184.000,2677184.000,262598656,262615040,284389376,54621744,54658432,36688
transparent-png,3840,2160,4096,256,85,48,184,4,3,20,4.795,5.418,7.593,9.767,0.337,1.001,8.215,10.060,33984.000,33984.000,2481088.000,2481088.000,1169504.000,1169504.000,3684576.000,3684576.000,262627328,278671360,284389376,54626928,54659584,32656
transparent-png,3840,2160,16384,64,170,96,799,4,3,20,7.505,8.791,3.549,4.660,0.162,0.655,3.972,4.817,134368.000,134368.000,1237064.000,1237064.000,560920.000,560920.000,1932352.000,1932352.000,281247744,298381312,298381312,54628400,54709728,81328
transparent-png,3840,2160,16384,128,170,96,799,4,3,20,7.667,8.490,9.003,12.541,0.281,0.848,9.456,12.817,134368.000,134368.000,1802104.000,1802104.000,1031464.000,1031464.000,2967936.000,2967936.000,300953600,320163840,320163840,54634800,54715600,80800
transparent-png,3840,2160,16384,256,170,96,799,4,3,20,8.892,10.033,34.404,38.062,0.759,0.978,35.078,38.551,134368.000,134368.000,4024960.000,4024960.000,1923904.000,1923904.000,6083232.000,6083232.000,322732032,339881984,339881984,54634640,54718080,83440
transparent-png,3840,2160,65536,64,341,192,3264,4,3,20,20.469,29.257,5.683,7.810,0.184,0.712,5.890,7.967,537440.000,537440.000,1677816.000,1677816.000,553120.000,553120.000,2768376.000,2768376.000,335593472,343183360,343183360,52619104,52897104,278000
transparent-png,3840,2160,65536,128,341,192,3264,4,3,20,19.993,22.921,12.531,23.063,0.304,0.766,12.946,23.829,537440.000,537440.000,2246000.000,2246000.000,978784.000,978784.000,3762224.000,3762224.000,346914816,359505920,359505920,52678432,52956352,277920
transparent-png,3840,2160,65536,256,341,192,3264,4,3,20,24.616,38.453,47.134,55.749,0.862,1.487,47.860,56.581,537440.000,537440.000,4465016.000,4465016.000,1893304.000,1893304.000,6895760.000,6895760.000,359505920,359620608,359620608,52672960,52950400,277440
noise,3840,2160,4096,64,85,48,4080,3,3,20,5.607,7.882,2.346,5.938,0.058,0.098,2.419,5.997,33224.000,33224.000,1182296.000,1182296.000,47584.000,47584.000,1263104.000,1263104.000,306749440,306765824,358547456,52674304,52709072,34768
noise,3840,2160,4096,128,85,48,4080,4,3,20,5.322,6.354,8.313,11.030,0.095,0.874,8.710,11.218,33224.000,33224.000,1747320.000,1747320.000,99512.000,99512.000,1880056.000,1880056.000,303845376,320847872,358547456,51495952,51668288,172336
noise,3840,2160,4096,256,85,48,4080,4,3,20,5.583,8.181,21.407,31.114,0.141,0.233,21.543,31.248,33224.000,33224.000,3950648.000,3950648.000,161712.000,161712.000,4145584.000,4145584.000,323416064,332263424,358547456,51628208,51662464,34256
noise,3840,2160,16384,64,170,96,16320,4,3,20,8.716,11.029,6.159,6.933,0.086,0.153,6.245,7.015,131144.000,131144.000,1733392.000,1733392.000,160000.000,160000.000,2024536.000,2024536.000,332263424,332263424,358547456,51628320,51709152,80832
noise,3840,2160,16384,128,170,96,16320,4,3,20,8.507,9.806,13.231,14.683,0.141,0.246,13.424,14.834,131144.000,131144.000,2301080.000,2301080.000,289264.000,289264.000,2721488.000,2721488.000,332263424,332263424,358547456,51633520,51714544,81024
noise,3840,2160,16384,256,170,96,16320,4,3,20,9.375,10.677,41.805,51.653,0.182,1.387,42.057,51.822,131144.000,131144.000,4525616.000,4525616.000,274384.000,274384.000,4931144.000,4931144.000,309018624,309018624,358547456,51621888,52948640,1326752
noise,3840,2160,65536,64,341,192,65472,4,3,20,21.057,23.534,27.348,30.275,0.080,0.130,27.457,30.349,524360.000,524360.000,6152200.000,6152200.000,76480.000,76480.000,6753040.000,6753040.000,295243776,304611328,358547456,52873632,53151072,277440
noise,3840,2160,65536,128,341,192,65472,4,3,20,21.199,28.229,45.096,53.172,0.130,0.188,45.234,53.314,524360.000,524360.000,6720384.000,6720384.000,163024.000,163024.000,7407768.000,7407768.000,246505472,250597376,358547456,52873600,53151216,277616
noise,3840,2160,65536,256,341,192,65472,4,3,20,22.155,28.830,93.614,109.583,0.230,1.107,94.075,109.797,524360.000,524360.000,8951568.000,8956056.000,340984.000,340984.000,9816912.000,9821400.000,239120384,244809728,358547456,52873696,53151088,277392
extreme-wide,131072,8,4096,64,4096,1,4096,4,3,20,1.379,1.831,0.656,0.981,0.041,0.059,0.702,1.040,33352.000,33352.000,933256.000,933256.000,54472.000,54472.000,1021080.000,1021080.000,193695744,193695744,358547456,12893872,12938784,44912
extreme-wide,131072,8,4096,128,4096,1,4096,4,3,20,1.417,1.593,0.810,1.552,0.040,0.060,0.851,1.592,33352.000,33352.000,937352.000,937352.000,54472.000,54472.000,1025176.000,1025176.000,188489728,195334144,358547456,12898224,13067696,169472
extreme-wide,131072,8,4096,256,4096,1,4096,4,3,20,1.413,1.887,0.599,0.704,0.038,0.088,0.636,0.792,33352.000,33352.000,945544.000,945544.000,54472.000,54472.000,1033368.000,1033368.000,188186624,188190720,358547456,13034304,13067584,33280
extreme-wide,131072,8,16384,64,16384,1,16384,4,3,20,4.279,5.134,1.708,5.623,0.041,0.070,1.749,5.666,131656.000,131656.000,983184.000,983184.000,44032.000,44032.000,1158872.000,1158872.000,188448768,199938048,358547456,13608832,17155232,3546400
extreme-wide,131072,8,16384,128,16384,1,16384,4,3,20,4.330,5.965,1.267,2.220,0.042,0.346,1.306,2.261,131656.000,131656.000,987280.000,987280.000,44032.000,44032.000,1162968.000,1162968.000,192659456,194187264,358547456,17057680,17140416,82736
extreme-wide,131072,8,16384,256,16384,1,16384,4,3,20,4.128,5.559,1.748,2.268,0.038,0.098,1.790,2.309,131656.000,131656.000,995472.000,995472.000,44032.000,44032.000,1171160.000,1171160.000,195633152,195633152,358547456,17058144,17139856,81712
extreme-wide,131072,8,65536,64,32768,2,65536,4,3,20,15.616,20.079,4.436,6.870,0.041,0.432,4.527,6.914,524872.000,524872.000,1179080.000,1187136.000,38992.000,38992.000,1742944.000,1751000.000,192200704,193839104,358547456,17061440,17340064,278624
extreme-wide,131072,8,65536,128,32768,2,65536,4,3,20,15.793,17.222,4.580,6.291,0.039,0.042,4.621,6.330,524872.000,524872.000,1183176.000,1183176.000,38992.000,38992.000,1747040.000,1747040.000,184922112,189435904,358547456,17061536,17339856,278320
extreme-wide,131072,8,65536,256,32768,2,65536,4,3,20,15.436,18.926,4.355,5.597,0.039,0.091,4.394,5.639,524872.000,524872.000,1191368.000,1198488.000,38992.000,38992.000,1755232.000,1762352.000,182136832,188002304,358547456,17064208,17342528,278320
grayscale,3840,2160,4096,64,85,48,4080,0,3,20,4.892,7.228,0.471,1.453,0.027,0.034,0.500,1.484,33224.000,33224.000,936000.000,936000.000,6504.000,6504.000,975728.000,975728.000,213893120,217616384,358547456,55664768,55706304,41536
grayscale,3840,2160,4096,128,85,48,4080,0,3,20,4.697,5.452,0.456,0.956,0.027,0.044,0.484,0.985,33224.000,33224.000,940096.000,940096.000,6504.000,6504.000,979824.000,979824.000,220184576,221904896,358547456,55665664,55707792,42128
grayscale,3840,2160,4096,256,85,48,4080,0,3,20,4.780,5.679,0.477,0.901,0.028,0.067,0.505,0.956,33224.000,33224.000,948288.000,948288.000,6504.000,6504.000,988016.000,988016.000,221904896,221913088,358547456,55675680,55708640,32960
grayscale,3840,2160,16384,64,170,96,16320,0,3,20,7.374,7.887,1.212,1.752,0.031,0.060,1.268,1.920,131144.000,131144.000,1031200.000,1031200.000,7672.000,7672.000,1170016.000,1170016.000,183595008,200712192,358547456,55669712,55751936,82224
grayscale,3840,2160,16384,128,170,96,16320,0,3,20,7.635,9.441,0.773,1.386,0.033,0.037,0.806,1.445,131144.000,131144.000,1035296.000,1035296.000,7672.000,7672.000,1174112.000,1174112.000,193445888,193445888,358547456,55663744,55745904,82160
grayscale,3840,2160,16384,256,170,96,16320,0,3,20,7.372,8.691,1.195,2.250,0.031,0.054,1.227,2.281,131144.000,131144.000,1043488.000,1043488.000,7672.000,7672.000,1182304.000,1182304.000,185466880,189882368,358547456,55670688,55752704,82016
grayscale,3840,2160,65536,64,341,192,65472,0,3,20,19.319,22.625,2.931,5.482,0.046,0.115,2.977,5.525,524360.000,524360.000,1409416.000,1409416.000,10464.000,10464.000,1944240.000,1944240.000,182743040,190885888,358547456,55670800,55949168,278368
grayscale,3840,2160,65536,128,341,192,65472,0,3,20,19.578,24.328,5.735,8.925,0.061,0.084,5.793,8.987,524360.000,524360.000,1973744.000,1973744.000,15544.000,15544.000,2513648.000,2513648.000,174968832,191320064,358547456,55664512,55943184,278672
grayscale,3840,2160,65536,256,341,192,65472,0,3,20,19.977,22.483,19.624,23.991,0.081,0.117,19.703,24.071,524360.000,524360.000,4020872.000,4020872.000,24880.000,24880.000,4570112.000,4570112.000,176095232,185827328,358547456,51665792,51944208,278416
size-sweep-smooth-64x64,64,64,16384,128,64,64,4096,4,3,20,0.028,0.033,13.419,15.712,0.278,0.662,13.894,16.072,33352.000,33352.000,2593200.000,2593200.000,1015384.000,1015384.000,3641936.000,3641936.000,184410112,190283776,358547456,18509568,18551136,41568
size-sweep-noise-64x64,64,64,16384,128,64,64,4096,4,3,20,0.030,0.032,14.289,16.052,0.113,0.177,14.399,16.166,33352.000,33352.000,2593184.000,2593184.000,179824.000,179824.000,2806360.000,2806360.000,182755328,188821504,358547456,18510176,18545296,35120
size-sweep-smooth-512x512,512,512,16384,128,128,128,16384,4,3,20,4.089,4.644,31.753,38.828,0.330,0.942,32.169,39.062,131656.000,131656.000,4129744.000,4129744.000,1007344.000,1007344.000,5268744.000,5268744.000,188825600,190652416,358547456,8832960,8915072,82112
size-sweep-noise-512x512,512,512,16384,128,128,128,16384,4,3,20,3.957,4.482,34.886,39.261,0.110,0.153,34.998,39.370,131656.000,131656.000,4125600.000,4125600.000,142504.000,142504.000,4399760.000,4399760.000,183746560,191225856,358547456,8761264,8843872,82608
size-sweep-smooth-3840x2160,3840,2160,16384,128,170,96,16320,4,3,20,8.118,9.680,33.067,36.990,0.326,0.930,33.356,37.364,131144.000,131144.000,4128976.000,4129120.000,1071544.000,1071544.000,5331664.000,5331808.000,214077440,226037760,358547456,51599904,51681824,81920
size-sweep-noise-3840x2160,3840,2160,16384,128,170,96,16320,4,3,20,7.790,8.836,14.000,17.787,0.139,0.224,14.175,17.926,131144.000,131144.000,2301080.000,2301080.000,289264.000,289264.000,2721488.000,2721488.000,214118400,219979776,358547456,51468944,51550752,81808
size-sweep-smooth-7680x4320,7680,4320,16384,128,170,96,16320,4,3,20,26.327,33.446,33.369,47.230,0.316,0.898,33.997,47.596,131144.000,131144.000,4128976.000,4128976.000,1048744.000,1048744.000,5308864.000,5308864.000,479588352,487579648,487579648,139946448,184265120,44318672
size-sweep-noise-7680x4320,7680,4320,16384,128,170,96,16320,4,3,20,24.597,26.262,9.309,10.705,0.122,0.186,9.426,10.822,131144.000,131144.000,1868992.000,1868992.000,186616.000,186616.000,2186752.000,2186752.000,479141888,483135488,486277120,139897792,184217152,44319360
