round,variant,dataset,algorithm,pixels,maxColors,iterations,median_ms,min_ms,max_ms,median_bytes
1,legacy,palette-4096,Map,4096,16,20,0.1622,0.1467,0.1984,951
1,legacy,palette-4096,Wu,4096,16,20,0.8289,0.7721,0.9062,896187
1,legacy,palette-4096,Celebi,4096,16,20,0.9394,0.8987,1.0445,900307
1,legacy,gradient-4096,Map,4096,16,20,0.1595,0.1508,0.2644,323199
1,legacy,gradient-4096,Wu,4096,16,20,0.8987,0.8326,1.0187,1220392
1,legacy,gradient-4096,Celebi,4096,16,20,3.2547,3.1870,3.5420,1823530
1,legacy,noise-65536,Map,65536,16,20,3.2273,3.1827,3.3075,2909806
1,legacy,noise-65536,Wu,65536,16,20,5.9225,5.7354,6.0296,3806233
1,legacy,noise-65536,Celebi,65536,16,20,48.8106,45.3558,58.2281,10927145
1,sync,palette-4096,Map,4096,16,20,0.0834,0.0622,0.1223,609
1,sync,palette-4096,Wu,4096,16,20,0.7173,0.6400,1.2383,895661
1,sync,palette-4096,Celebi,4096,16,20,0.7610,0.7362,0.8588,899669
1,sync,gradient-4096,Map,4096,16,20,0.1239,0.1212,0.1438,322857
1,sync,gradient-4096,Wu,4096,16,20,0.7336,0.7034,0.7486,1219865
1,sync,gradient-4096,Celebi,4096,16,20,3.0109,2.9946,3.0758,1823239
1,sync,noise-65536,Map,65536,16,20,2.9804,2.8727,3.3435,2909277
1,sync,noise-65536,Wu,65536,16,20,5.5923,5.3574,6.2083,3805505
1,sync,noise-65536,Celebi,65536,16,20,66.6203,49.7688,71.2369,10926586
2,legacy,palette-4096,Map,4096,16,20,0.0915,0.0818,0.1066,951
2,legacy,palette-4096,Wu,4096,16,20,0.9039,0.8218,1.0659,896187
2,legacy,palette-4096,Celebi,4096,16,20,0.9633,0.8810,1.0571,900307
2,legacy,gradient-4096,Map,4096,16,20,0.1798,0.1600,0.2217,323199
2,legacy,gradient-4096,Wu,4096,16,20,0.8480,0.8069,0.9722,1220390
2,legacy,gradient-4096,Celebi,4096,16,20,3.2577,3.0961,3.5030,1823530
2,legacy,noise-65536,Map,65536,16,20,3.1745,3.0317,3.6402,2909806
2,legacy,noise-65536,Wu,65536,16,20,6.2301,6.0241,6.9665,3806236
2,legacy,noise-65536,Celebi,65536,16,20,47.8657,45.5249,53.1212,10927456
2,sync,palette-4096,Map,4096,16,20,0.0677,0.0658,0.1298,609
2,sync,palette-4096,Wu,4096,16,20,0.6976,0.6692,0.7388,895661
2,sync,palette-4096,Celebi,4096,16,20,0.7842,0.7423,0.8181,899669
2,sync,gradient-4096,Map,4096,16,20,0.1288,0.1260,0.1576,322857
2,sync,gradient-4096,Wu,4096,16,20,0.7327,0.7187,0.7812,1219865
2,sync,gradient-4096,Celebi,4096,16,20,2.9681,2.9373,3.0521,1823146
2,sync,noise-65536,Map,65536,16,20,3.0940,2.9691,3.1724,2909277
2,sync,noise-65536,Wu,65536,16,20,5.8565,5.6996,6.1053,3805508
2,sync,noise-65536,Celebi,65536,16,20,47.7445,47.2114,48.6841,10926586
3,legacy,palette-4096,Map,4096,16,20,0.1578,0.0811,0.1635,951
3,legacy,palette-4096,Wu,4096,16,20,0.8073,0.7970,0.8548,896156
3,legacy,palette-4096,Celebi,4096,16,20,0.8789,0.8535,0.9556,900276
3,legacy,gradient-4096,Map,4096,16,20,0.2400,0.2368,0.2538,323168
3,legacy,gradient-4096,Wu,4096,16,20,0.8813,0.8589,0.9599,1220392
3,legacy,gradient-4096,Celebi,4096,16,20,3.3429,3.1022,3.5953,1823530
3,legacy,noise-65536,Map,65536,16,20,3.2117,3.1236,3.7033,2909806
3,legacy,noise-65536,Wu,65536,16,20,5.9484,5.7853,6.1833,3806236
3,legacy,noise-65536,Celebi,65536,16,20,47.7945,45.9113,53.8182,10927486
3,sync,palette-4096,Map,4096,16,20,0.0665,0.0634,0.1332,609
3,sync,palette-4096,Wu,4096,16,20,0.7080,0.6839,0.7348,895661
3,sync,palette-4096,Celebi,4096,16,20,0.7584,0.7426,0.8785,899669
3,sync,gradient-4096,Map,4096,16,20,0.1290,0.1240,0.1507,322857
3,sync,gradient-4096,Wu,4096,16,20,0.9115,0.7406,1.1445,1219457
3,sync,gradient-4096,Celebi,4096,16,20,3.2194,3.0442,3.4668,1822786
3,sync,noise-65536,Map,65536,16,20,3.0891,3.0230,3.3065,2909277
3,sync,noise-65536,Wu,65536,16,20,5.7186,5.5631,6.5988,3805508
3,sync,noise-65536,Celebi,65536,16,20,46.7591,46.6076,49.1395,10926584
